client_id,test_scope,test_rows,loss,accuracy,precision,recall,f1,roc_auc,evaluation_time_seconds
Danmini_Doorbell,same_device_test,152744,0.4072992822622993,0.9513434242916252,0.9513434242916252,1.0,0.9750650884397563,0.9874144664580088,88.08491539999523
Ecobee_Thermostat,same_device_test,125381,0.0612102361057605,0.9843197932701127,0.9843196682086457,1.0,0.9920978801739592,0.9957444972847518,73.32190810000611
Ennio_Doorbell,same_device_test,53325,0.7589903167749399,0.8923394280356306,0.8920884945771697,1.0,0.9429669882079454,0.9861726606764291,28.184699500001443
Philips_B120N10_Baby_Monitor,same_device_test,164801,0.6225570610671202,0.8405652878319914,0.8405546453061472,1.0,0.9133710291620646,0.9973962178725646,88.08374940000067
Provision_PT_737E_Security_Camera,same_device_test,124239,0.35641171597718446,0.9439708948075886,0.9428850398352437,1.0,0.9706030161364567,0.9930087006792742,64.23105609999766
Provision_PT_838_Security_Camera,same_device_test,125533,0.5359760249680875,0.921263731449101,0.9180772227656294,0.9999909711437756,0.9572849771385602,0.9971565512360381,59.89746379999997
Samsung_SNH_1011_N_Webcam,same_device_test,56283,0.01171078981201089,0.9970150844837695,0.9966474012217446,0.9998968242504281,0.9982694684796044,0.9999432414663247,31.24828079999861
SimpleHome_XCS7_1002_WHT_Security_Camera,same_device_test,129458,0.04664871055096048,0.9877025753526241,0.9872541115769107,0.9999101820854087,0.9935418441442537,0.9993396639921024,79.00714470000094
SimpleHome_XCS7_1003_WHT_Security_Camera,same_device_test,127624,0.020290056878051344,0.999216448316931,0.9992546942242809,0.9999438630257829,0.9995991598390226,0.9935726176308568,80.03140320000239
